date,day,month,year,res_stor_af
10/1/2014,1,10,2014,2229000
10/2/2014,2,10,2014,2229000
10/3/2014,3,10,2014,2227000
10/4/2014,4,10,2014,2226000
10/5/2014,5,10,2014,2224000
10/6/2014,6,10,2014,2223000
10/7/2014,7,10,2014,2221000
10/8/2014,8,10,2014,2220000
10/9/2014,9,10,2014,2217000
10/10/2014,10,10,2014,2216000
10/11/2014,11,10,2014,2214000
10/12/2014,12,10,2014,2213000
10/13/2014,13,10,2014,2213000
10/14/2014,14,10,2014,2211000
10/15/2014,15,10,2014,2210000
10/16/2014,16,10,2014,2209000
10/17/2014,17,10,2014,2208000
10/18/2014,18,10,2014,2207000
10/19/2014,19,10,2014,2206000
10/20/2014,20,10,2014,2204000
10/21/2014,21,10,2014,2203000
10/22/2014,22,10,2014,2202000
10/23/2014,23,10,2014,2201000
10/24/2014,24,10,2014,2202000
10/25/2014,25,10,2014,2202000
10/26/2014,26,10,2014,2201000
10/27/2014,27,10,2014,2201000
10/28/2014,28,10,2014,2201000
10/29/2014,29,10,2014,2201000
10/30/2014,30,10,2014,2202000
10/31/2014,31,10,2014,2201000
11/1/2014,1,11,2014,2201000
11/2/2014,2,11,2014,2203000
11/3/2014,3,11,2014,2204000
11/4/2014,4,11,2014,2206000
11/5/2014,5,11,2014,2209000
11/6/2014,6,11,2014,2210000
11/7/2014,7,11,2014,2211000
11/8/2014,8,11,2014,2212000
11/9/2014,9,11,2014,2213000
11/10/2014,10,11,2014,2218000
11/11/2014,11,11,2014,2219000
11/12/2014,12,11,2014,2218000
11/13/2014,13,11,2014,2216000
11/14/2014,14,11,2014,2215000
11/15/2014,15,11,2014,2215000
11/16/2014,16,11,2014,2213000
11/17/2014,17,11,2014,2212000
11/18/2014,18,11,2014,2211000
11/19/2014,19,11,2014,2210000
11/20/2014,20,11,2014,2210000
11/21/2014,21,11,2014,2210000
11/22/2014,22,11,2014,2212000
11/23/2014,23,11,2014,2213000
11/24/2014,24,11,2014,2214000
11/25/2014,25,11,2014,2218000
11/26/2014,26,11,2014,2226000
11/27/2014,27,11,2014,2232000
11/28/2014,28,11,2014,2242000
11/29/2014,29,11,2014,2262000
11/30/2014,30,11,2014,2272000
12/1/2014,1,12,2014,2277000
12/2/2014,2,12,2014,2282000
12/3/2014,3,12,2014,2286000
12/4/2014,4,12,2014,2290000
12/5/2014,5,12,2014,2295000
12/6/2014,6,12,2014,2300000
12/7/2014,7,12,2014,2307000
12/8/2014,8,12,2014,2312000
12/9/2014,9,12,2014,2317000
12/10/2014,10,12,2014,2322000
12/11/2014,11,12,2014,2326000
12/12/2014,12,12,2014,2332000
12/13/2014,13,12,2014,2338000
12/14/2014,14,12,2014,2344000
12/15/2014,15,12,2014,2348000
12/16/2014,16,12,2014,2352000
12/17/2014,17,12,2014,2356000
12/18/2014,18,12,2014,2359000
12/19/2014,19,12,2014,2363000
12/20/2014,20,12,2014,2368000
12/21/2014,21,12,2014,2379000
12/22/2014,22,12,2014,2390000
12/23/2014,23,12,2014,2398000
12/24/2014,24,12,2014,2404000
12/25/2014,25,12,2014,2410000
12/26/2014,26,12,2014,2416000
12/27/2014,27,12,2014,2420000
12/28/2014,28,12,2014,2425000
12/29/2014,29,12,2014,2429000
12/30/2014,30,12,2014,2429000
12/31/2014,31,12,2014,2430000
1/1/2015,1,1,2015,2431000
1/2/2015,2,1,2015,2432000
1/3/2015,3,1,2015,2434000
1/4/2015,4,1,2015,2438000
1/5/2015,5,1,2015,2443000
1/6/2015,6,1,2015,2451000
1/7/2015,7,1,2015,2458000
1/8/2015,8,1,2015,2463000
1/9/2015,9,1,2015,2468000
1/10/2015,10,1,2015,2471000
1/11/2015,11,1,2015,2475000
1/12/2015,12,1,2015,2478000
1/13/2015,13,1,2015,2481000
1/14/2015,14,1,2015,2484000
1/15/2015,15,1,2015,2487000
1/16/2015,16,1,2015,2489000
1/17/2015,17,1,2015,2493000
1/18/2015,18,1,2015,2502000
1/19/2015,19,1,2015,2510000
1/20/2015,20,1,2015,
1/21/2015,21,1,2015,
1/22/2015,22,1,2015,
1/23/2015,23,1,2015,
1/24/2015,24,1,2015,
1/25/2015,25,1,2015,
1/26/2015,26,1,2015,
1/27/2015,27,1,2015,
1/28/2015,28,1,2015,
1/29/2015,29,1,2015,
1/30/2015,30,1,2015,
1/31/2015,31,1,2015,
2/1/2015,1,2,2015,
2/2/2015,2,2,2015,
2/3/2015,3,2,2015,
2/4/2015,4,2,2015,
2/5/2015,5,2,2015,
2/6/2015,6,2,2015,
2/7/2015,7,2,2015,
2/8/2015,8,2,2015,
2/9/2015,9,2,2015,
2/10/2015,10,2,2015,
2/11/2015,11,2,2015,
2/12/2015,12,2,2015,
2/13/2015,13,2,2015,
2/14/2015,14,2,2015,
2/15/2015,15,2,2015,
2/16/2015,16,2,2015,
2/17/2015,17,2,2015,
2/18/2015,18,2,2015,
2/19/2015,19,2,2015,
2/20/2015,20,2,2015,
2/21/2015,21,2,2015,
2/22/2015,22,2,2015,
2/23/2015,23,2,2015,
2/24/2015,24,2,2015,
2/25/2015,25,2,2015,
2/26/2015,26,2,2015,
2/27/2015,27,2,2015,
2/28/2015,28,2,2015,
3/1/2015,1,3,2015,
3/2/2015,2,3,2015,
3/3/2015,3,3,2015,
3/4/2015,4,3,2015,
3/5/2015,5,3,2015,
3/6/2015,6,3,2015,
3/7/2015,7,3,2015,
3/8/2015,8,3,2015,
3/9/2015,9,3,2015,
3/10/2015,10,3,2015,
3/11/2015,11,3,2015,
3/12/2015,12,3,2015,
3/13/2015,13,3,2015,
3/14/2015,14,3,2015,
3/15/2015,15,3,2015,
3/16/2015,16,3,2015,
3/17/2015,17,3,2015,
3/18/2015,18,3,2015,
3/19/2015,19,3,2015,
3/20/2015,20,3,2015,
3/21/2015,21,3,2015,
3/22/2015,22,3,2015,
3/23/2015,23,3,2015,
3/24/2015,24,3,2015,
3/25/2015,25,3,2015,
3/26/2015,26,3,2015,
3/27/2015,27,3,2015,
3/28/2015,28,3,2015,
3/29/2015,29,3,2015,
3/30/2015,30,3,2015,
3/31/2015,31,3,2015,
4/1/2015,1,4,2015,
4/2/2015,2,4,2015,
4/3/2015,3,4,2015,
4/4/2015,4,4,2015,
4/5/2015,5,4,2015,
4/6/2015,6,4,2015,
4/7/2015,7,4,2015,
4/8/2015,8,4,2015,
4/9/2015,9,4,2015,
4/10/2015,10,4,2015,
4/11/2015,11,4,2015,
4/12/2015,12,4,2015,
4/13/2015,13,4,2015,
4/14/2015,14,4,2015,
4/15/2015,15,4,2015,
4/16/2015,16,4,2015,
4/17/2015,17,4,2015,
4/18/2015,18,4,2015,
4/19/2015,19,4,2015,
4/20/2015,20,4,2015,
4/21/2015,21,4,2015,
4/22/2015,22,4,2015,
4/23/2015,23,4,2015,
4/24/2015,24,4,2015,
4/25/2015,25,4,2015,
4/26/2015,26,4,2015,
4/27/2015,27,4,2015,
4/28/2015,28,4,2015,
4/29/2015,29,4,2015,
4/30/2015,30,4,2015,
5/1/2015,1,5,2015,
5/2/2015,2,5,2015,
5/3/2015,3,5,2015,
5/4/2015,4,5,2015,
5/5/2015,5,5,2015,
5/6/2015,6,5,2015,
5/7/2015,7,5,2015,
5/8/2015,8,5,2015,
5/9/2015,9,5,2015,
5/10/2015,10,5,2015,
5/11/2015,11,5,2015,
5/12/2015,12,5,2015,
5/13/2015,13,5,2015,
5/14/2015,14,5,2015,
5/15/2015,15,5,2015,
5/16/2015,16,5,2015,
5/17/2015,17,5,2015,
5/18/2015,18,5,2015,
5/19/2015,19,5,2015,
5/20/2015,20,5,2015,
5/21/2015,21,5,2015,
5/22/2015,22,5,2015,
5/23/2015,23,5,2015,
5/24/2015,24,5,2015,
5/25/2015,25,5,2015,
5/26/2015,26,5,2015,
5/27/2015,27,5,2015,
5/28/2015,28,5,2015,
5/29/2015,29,5,2015,
5/30/2015,30,5,2015,
5/31/2015,31,5,2015,
6/1/2015,1,6,2015,
6/2/2015,2,6,2015,
6/3/2015,3,6,2015,
6/4/2015,4,6,2015,
6/5/2015,5,6,2015,
6/6/2015,6,6,2015,
6/7/2015,7,6,2015,
6/8/2015,8,6,2015,
6/9/2015,9,6,2015,
6/10/2015,10,6,2015,
6/11/2015,11,6,2015,
6/12/2015,12,6,2015,
6/13/2015,13,6,2015,
6/14/2015,14,6,2015,
6/15/2015,15,6,2015,
6/16/2015,16,6,2015,
6/17/2015,17,6,2015,
6/18/2015,18,6,2015,
6/19/2015,19,6,2015,
6/20/2015,20,6,2015,
6/21/2015,21,6,2015,
6/22/2015,22,6,2015,
6/23/2015,23,6,2015,
6/24/2015,24,6,2015,
6/25/2015,25,6,2015,
6/26/2015,26,6,2015,
6/27/2015,27,6,2015,
6/28/2015,28,6,2015,
6/29/2015,29,6,2015,
6/30/2015,30,6,2015,
7/1/2015,1,7,2015,
7/2/2015,2,7,2015,
7/3/2015,3,7,2015,
7/4/2015,4,7,2015,
7/5/2015,5,7,2015,
7/6/2015,6,7,2015,
7/7/2015,7,7,2015,
7/8/2015,8,7,2015,
7/9/2015,9,7,2015,
7/10/2015,10,7,2015,
7/11/2015,11,7,2015,
7/12/2015,12,7,2015,
7/13/2015,13,7,2015,
7/14/2015,14,7,2015,
7/15/2015,15,7,2015,
7/16/2015,16,7,2015,
7/17/2015,17,7,2015,
7/18/2015,18,7,2015,
7/19/2015,19,7,2015,
7/20/2015,20,7,2015,
7/21/2015,21,7,2015,
7/22/2015,22,7,2015,
7/23/2015,23,7,2015,
7/24/2015,24,7,2015,
7/25/2015,25,7,2015,
7/26/2015,26,7,2015,
7/27/2015,27,7,2015,
7/28/2015,28,7,2015,
7/29/2015,29,7,2015,
7/30/2015,30,7,2015,
7/31/2015,31,7,2015,
8/1/2015,1,8,2015,
8/2/2015,2,8,2015,
8/3/2015,3,8,2015,
8/4/2015,4,8,2015,
8/5/2015,5,8,2015,
8/6/2015,6,8,2015,
8/7/2015,7,8,2015,
8/8/2015,8,8,2015,
8/9/2015,9,8,2015,
8/10/2015,10,8,2015,
8/11/2015,11,8,2015,
8/12/2015,12,8,2015,
8/13/2015,13,8,2015,
8/14/2015,14,8,2015,
8/15/2015,15,8,2015,
8/16/2015,16,8,2015,
8/17/2015,17,8,2015,
8/18/2015,18,8,2015,
8/19/2015,19,8,2015,
8/20/2015,20,8,2015,
8/21/2015,21,8,2015,
8/22/2015,22,8,2015,
8/23/2015,23,8,2015,
8/24/2015,24,8,2015,
8/25/2015,25,8,2015,
8/26/2015,26,8,2015,
8/27/2015,27,8,2015,
8/28/2015,28,8,2015,
8/29/2015,29,8,2015,
8/30/2015,30,8,2015,
8/31/2015,31,8,2015,
9/1/2015,1,9,2015,
9/2/2015,2,9,2015,
9/3/2015,3,9,2015,
9/4/2015,4,9,2015,
9/5/2015,5,9,2015,
9/6/2015,6,9,2015,
9/7/2015,7,9,2015,
9/8/2015,8,9,2015,
9/9/2015,9,9,2015,
9/10/2015,10,9,2015,
9/11/2015,11,9,2015,
9/12/2015,12,9,2015,
9/13/2015,13,9,2015,
9/14/2015,14,9,2015,
9/15/2015,15,9,2015,
9/16/2015,16,9,2015,
9/17/2015,17,9,2015,
9/18/2015,18,9,2015,
9/19/2015,19,9,2015,
9/20/2015,20,9,2015,
9/21/2015,21,9,2015,
9/22/2015,22,9,2015,
9/23/2015,23,9,2015,
9/24/2015,24,9,2015,
9/25/2015,25,9,2015,
9/26/2015,26,9,2015,
9/27/2015,27,9,2015,
9/28/2015,28,9,2015,
9/29/2015,29,9,2015,
9/30/2015,30,9,2015,
10/1/2015,1,10,2015,
10/2/2015,2,10,2015,
10/3/2015,3,10,2015,
10/4/2015,4,10,2015,
10/5/2015,5,10,2015,
10/6/2015,6,10,2015,
10/7/2015,7,10,2015,
10/8/2015,8,10,2015,
10/9/2015,9,10,2015,
10/10/2015,10,10,2015,
10/11/2015,11,10,2015,
10/12/2015,12,10,2015,
10/13/2015,13,10,2015,
10/14/2015,14,10,2015,
10/15/2015,15,10,2015,
10/16/2015,16,10,2015,
10/17/2015,17,10,2015,
10/18/2015,18,10,2015,
10/19/2015,19,10,2015,
10/20/2015,20,10,2015,
10/21/2015,21,10,2015,
10/22/2015,22,10,2015,
10/23/2015,23,10,2015,
10/24/2015,24,10,2015,
10/25/2015,25,10,2015,
10/26/2015,26,10,2015,
10/27/2015,27,10,2015,
10/28/2015,28,10,2015,
10/29/2015,29,10,2015,
10/30/2015,30,10,2015,
10/31/2015,31,10,2015,
11/1/2015,1,11,2015,
11/2/2015,2,11,2015,
11/3/2015,3,11,2015,
11/4/2015,4,11,2015,
11/5/2015,5,11,2015,
11/6/2015,6,11,2015,
11/7/2015,7,11,2015,
11/8/2015,8,11,2015,
11/9/2015,9,11,2015,
11/10/2015,10,11,2015,
11/11/2015,11,11,2015,
11/12/2015,12,11,2015,
11/13/2015,13,11,2015,
11/14/2015,14,11,2015,
11/15/2015,15,11,2015,
11/16/2015,16,11,2015,
11/17/2015,17,11,2015,
11/18/2015,18,11,2015,
11/19/2015,19,11,2015,
11/20/2015,20,11,2015,
11/21/2015,21,11,2015,
11/22/2015,22,11,2015,
11/23/2015,23,11,2015,
11/24/2015,24,11,2015,
11/25/2015,25,11,2015,
11/26/2015,26,11,2015,
11/27/2015,27,11,2015,
11/28/2015,28,11,2015,
11/29/2015,29,11,2015,
11/30/2015,30,11,2015,
12/1/2015,1,12,2015,
12/2/2015,2,12,2015,
12/3/2015,3,12,2015,
12/4/2015,4,12,2015,
12/5/2015,5,12,2015,
12/6/2015,6,12,2015,
12/7/2015,7,12,2015,
12/8/2015,8,12,2015,
12/9/2015,9,12,2015,
12/10/2015,10,12,2015,
12/11/2015,11,12,2015,
12/12/2015,12,12,2015,
12/13/2015,13,12,2015,
12/14/2015,14,12,2015,
12/15/2015,15,12,2015,
12/16/2015,16,12,2015,
12/17/2015,17,12,2015,
12/18/2015,18,12,2015,
12/19/2015,19,12,2015,
12/20/2015,20,12,2015,
12/21/2015,21,12,2015,
12/22/2015,22,12,2015,
12/23/2015,23,12,2015,
12/24/2015,24,12,2015,
12/25/2015,25,12,2015,
12/26/2015,26,12,2015,
12/27/2015,27,12,2015,
12/28/2015,28,12,2015,
12/29/2015,29,12,2015,
12/30/2015,30,12,2015,
12/31/2015,31,12,2015,
1/1/2016,1,1,2016,
1/2/2016,2,1,2016,
1/3/2016,3,1,2016,
1/4/2016,4,1,2016,
1/5/2016,5,1,2016,
1/6/2016,6,1,2016,
1/7/2016,7,1,2016,
1/8/2016,8,1,2016,
1/9/2016,9,1,2016,
1/10/2016,10,1,2016,
1/11/2016,11,1,2016,
1/12/2016,12,1,2016,
1/13/2016,13,1,2016,
1/14/2016,14,1,2016,
1/15/2016,15,1,2016,
1/16/2016,16,1,2016,
1/17/2016,17,1,2016,
1/18/2016,18,1,2016,
1/19/2016,19,1,2016,
1/20/2016,20,1,2016,
1/21/2016,21,1,2016,
1/22/2016,22,1,2016,
1/23/2016,23,1,2016,
1/24/2016,24,1,2016,
1/25/2016,25,1,2016,
1/26/2016,26,1,2016,
1/27/2016,27,1,2016,
1/28/2016,28,1,2016,
1/29/2016,29,1,2016,
1/30/2016,30,1,2016,
1/31/2016,31,1,2016,
2/1/2016,1,2,2016,
2/2/2016,2,2,2016,
2/3/2016,3,2,2016,
2/4/2016,4,2,2016,
2/5/2016,5,2,2016,
2/6/2016,6,2,2016,
2/7/2016,7,2,2016,
2/8/2016,8,2,2016,
2/9/2016,9,2,2016,
2/10/2016,10,2,2016,
2/11/2016,11,2,2016,
2/12/2016,12,2,2016,
2/13/2016,13,2,2016,
2/14/2016,14,2,2016,
2/15/2016,15,2,2016,
2/16/2016,16,2,2016,
2/17/2016,17,2,2016,
2/18/2016,18,2,2016,
2/19/2016,19,2,2016,
2/20/2016,20,2,2016,
2/21/2016,21,2,2016,
2/22/2016,22,2,2016,
2/23/2016,23,2,2016,
2/24/2016,24,2,2016,
2/25/2016,25,2,2016,
2/26/2016,26,2,2016,
2/27/2016,27,2,2016,
2/28/2016,28,2,2016,
2/29/2016,29,2,2016,
3/1/2016,1,3,2016,
3/2/2016,2,3,2016,
3/3/2016,3,3,2016,
3/4/2016,4,3,2016,
3/5/2016,5,3,2016,
3/6/2016,6,3,2016,
3/7/2016,7,3,2016,
3/8/2016,8,3,2016,
3/9/2016,9,3,2016,
3/10/2016,10,3,2016,
3/11/2016,11,3,2016,
3/12/2016,12,3,2016,
3/13/2016,13,3,2016,
3/14/2016,14,3,2016,
3/15/2016,15,3,2016,
3/16/2016,16,3,2016,
3/17/2016,17,3,2016,
3/18/2016,18,3,2016,
3/19/2016,19,3,2016,
3/20/2016,20,3,2016,
3/21/2016,21,3,2016,
3/22/2016,22,3,2016,
3/23/2016,23,3,2016,
3/24/2016,24,3,2016,
3/25/2016,25,3,2016,
3/26/2016,26,3,2016,
3/27/2016,27,3,2016,
3/28/2016,28,3,2016,
3/29/2016,29,3,2016,
3/30/2016,30,3,2016,
3/31/2016,31,3,2016,
4/1/2016,1,4,2016,
4/2/2016,2,4,2016,
4/3/2016,3,4,2016,
4/4/2016,4,4,2016,
4/5/2016,5,4,2016,
4/6/2016,6,4,2016,
4/7/2016,7,4,2016,
4/8/2016,8,4,2016,
4/9/2016,9,4,2016,
4/10/2016,10,4,2016,
4/11/2016,11,4,2016,
4/12/2016,12,4,2016,
4/13/2016,13,4,2016,
4/14/2016,14,4,2016,
4/15/2016,15,4,2016,
4/16/2016,16,4,2016,
4/17/2016,17,4,2016,
4/18/2016,18,4,2016,
4/19/2016,19,4,2016,
4/20/2016,20,4,2016,
4/21/2016,21,4,2016,
4/22/2016,22,4,2016,
4/23/2016,23,4,2016,
4/24/2016,24,4,2016,
4/25/2016,25,4,2016,
4/26/2016,26,4,2016,
4/27/2016,27,4,2016,
4/28/2016,28,4,2016,
4/29/2016,29,4,2016,
4/30/2016,30,4,2016,
5/1/2016,1,5,2016,
5/2/2016,2,5,2016,
5/3/2016,3,5,2016,
5/4/2016,4,5,2016,
5/5/2016,5,5,2016,
5/6/2016,6,5,2016,
5/7/2016,7,5,2016,
5/8/2016,8,5,2016,
5/9/2016,9,5,2016,
5/10/2016,10,5,2016,
5/11/2016,11,5,2016,
5/12/2016,12,5,2016,
5/13/2016,13,5,2016,
5/14/2016,14,5,2016,
5/15/2016,15,5,2016,
5/16/2016,16,5,2016,
5/17/2016,17,5,2016,
5/18/2016,18,5,2016,
5/19/2016,19,5,2016,
5/20/2016,20,5,2016,
5/21/2016,21,5,2016,
5/22/2016,22,5,2016,
5/23/2016,23,5,2016,
5/24/2016,24,5,2016,
5/25/2016,25,5,2016,
5/26/2016,26,5,2016,
5/27/2016,27,5,2016,
5/28/2016,28,5,2016,
5/29/2016,29,5,2016,
5/30/2016,30,5,2016,
5/31/2016,31,5,2016,
6/1/2016,1,6,2016,
6/2/2016,2,6,2016,
6/3/2016,3,6,2016,
6/4/2016,4,6,2016,
6/5/2016,5,6,2016,
6/6/2016,6,6,2016,
6/7/2016,7,6,2016,
6/8/2016,8,6,2016,
6/9/2016,9,6,2016,
6/10/2016,10,6,2016,
6/11/2016,11,6,2016,
6/12/2016,12,6,2016,
6/13/2016,13,6,2016,
6/14/2016,14,6,2016,
6/15/2016,15,6,2016,
6/16/2016,16,6,2016,
6/17/2016,17,6,2016,
6/18/2016,18,6,2016,
6/19/2016,19,6,2016,
6/20/2016,20,6,2016,
6/21/2016,21,6,2016,
6/22/2016,22,6,2016,
6/23/2016,23,6,2016,
6/24/2016,24,6,2016,
6/25/2016,25,6,2016,
6/26/2016,26,6,2016,
6/27/2016,27,6,2016,
6/28/2016,28,6,2016,
6/29/2016,29,6,2016,
6/30/2016,30,6,2016,
7/1/2016,1,7,2016,
7/2/2016,2,7,2016,
7/3/2016,3,7,2016,
7/4/2016,4,7,2016,
7/5/2016,5,7,2016,
7/6/2016,6,7,2016,
7/7/2016,7,7,2016,
7/8/2016,8,7,2016,
7/9/2016,9,7,2016,
7/10/2016,10,7,2016,
7/11/2016,11,7,2016,
7/12/2016,12,7,2016,
7/13/2016,13,7,2016,
7/14/2016,14,7,2016,
7/15/2016,15,7,2016,
7/16/2016,16,7,2016,
7/17/2016,17,7,2016,
7/18/2016,18,7,2016,
7/19/2016,19,7,2016,
7/20/2016,20,7,2016,
7/21/2016,21,7,2016,
7/22/2016,22,7,2016,
7/23/2016,23,7,2016,
7/24/2016,24,7,2016,
7/25/2016,25,7,2016,
7/26/2016,26,7,2016,
7/27/2016,27,7,2016,
7/28/2016,28,7,2016,
7/29/2016,29,7,2016,
7/30/2016,30,7,2016,
7/31/2016,31,7,2016,
8/1/2016,1,8,2016,
8/2/2016,2,8,2016,
8/3/2016,3,8,2016,
8/4/2016,4,8,2016,
8/5/2016,5,8,2016,
8/6/2016,6,8,2016,
8/7/2016,7,8,2016,
8/8/2016,8,8,2016,
8/9/2016,9,8,2016,
8/10/2016,10,8,2016,
8/11/2016,11,8,2016,
8/12/2016,12,8,2016,
8/13/2016,13,8,2016,
8/14/2016,14,8,2016,
8/15/2016,15,8,2016,
8/16/2016,16,8,2016,
8/17/2016,17,8,2016,
8/18/2016,18,8,2016,
8/19/2016,19,8,2016,
8/20/2016,20,8,2016,
8/21/2016,21,8,2016,
8/22/2016,22,8,2016,
8/23/2016,23,8,2016,
8/24/2016,24,8,2016,
8/25/2016,25,8,2016,
8/26/2016,26,8,2016,
8/27/2016,27,8,2016,
8/28/2016,28,8,2016,
8/29/2016,29,8,2016,
8/30/2016,30,8,2016,
8/31/2016,31,8,2016,
9/1/2016,1,9,2016,
9/2/2016,2,9,2016,
9/3/2016,3,9,2016,
9/4/2016,4,9,2016,
9/5/2016,5,9,2016,
9/6/2016,6,9,2016,
9/7/2016,7,9,2016,
9/8/2016,8,9,2016,
9/9/2016,9,9,2016,
9/10/2016,10,9,2016,
9/11/2016,11,9,2016,
9/12/2016,12,9,2016,
9/13/2016,13,9,2016,
9/14/2016,14,9,2016,
9/15/2016,15,9,2016,
9/16/2016,16,9,2016,
9/17/2016,17,9,2016,
9/18/2016,18,9,2016,
9/19/2016,19,9,2016,
9/20/2016,20,9,2016,
9/21/2016,21,9,2016,
9/22/2016,22,9,2016,
9/23/2016,23,9,2016,
9/24/2016,24,9,2016,
9/25/2016,25,9,2016,
9/26/2016,26,9,2016,
9/27/2016,27,9,2016,
9/28/2016,28,9,2016,
9/29/2016,29,9,2016,
9/30/2016,30,9,2016,
10/1/2016,1,10,2016,
10/2/2016,2,10,2016,
10/3/2016,3,10,2016,
10/4/2016,4,10,2016,
10/5/2016,5,10,2016,
10/6/2016,6,10,2016,
10/7/2016,7,10,2016,
10/8/2016,8,10,2016,
10/9/2016,9,10,2016,
10/10/2016,10,10,2016,
10/11/2016,11,10,2016,
10/12/2016,12,10,2016,
10/13/2016,13,10,2016,
10/14/2016,14,10,2016,
10/15/2016,15,10,2016,
10/16/2016,16,10,2016,
10/17/2016,17,10,2016,
10/18/2016,18,10,2016,
10/19/2016,19,10,2016,
10/20/2016,20,10,2016,
10/21/2016,21,10,2016,
10/22/2016,22,10,2016,
10/23/2016,23,10,2016,
10/24/2016,24,10,2016,
10/25/2016,25,10,2016,
10/26/2016,26,10,2016,
10/27/2016,27,10,2016,
10/28/2016,28,10,2016,
10/29/2016,29,10,2016,
10/30/2016,30,10,2016,
10/31/2016,31,10,2016,
11/1/2016,1,11,2016,
11/2/2016,2,11,2016,
11/3/2016,3,11,2016,
11/4/2016,4,11,2016,
11/5/2016,5,11,2016,
11/6/2016,6,11,2016,
11/7/2016,7,11,2016,
11/8/2016,8,11,2016,
11/9/2016,9,11,2016,
11/10/2016,10,11,2016,
11/11/2016,11,11,2016,
11/12/2016,12,11,2016,
11/13/2016,13,11,2016,
11/14/2016,14,11,2016,
11/15/2016,15,11,2016,
11/16/2016,16,11,2016,
11/17/2016,17,11,2016,
11/18/2016,18,11,2016,
11/19/2016,19,11,2016,
11/20/2016,20,11,2016,
11/21/2016,21,11,2016,
11/22/2016,22,11,2016,
11/23/2016,23,11,2016,
11/24/2016,24,11,2016,
11/25/2016,25,11,2016,
11/26/2016,26,11,2016,
11/27/2016,27,11,2016,
11/28/2016,28,11,2016,
11/29/2016,29,11,2016,
11/30/2016,30,11,2016,
12/1/2016,1,12,2016,
12/2/2016,2,12,2016,
12/3/2016,3,12,2016,
12/4/2016,4,12,2016,
12/5/2016,5,12,2016,
12/6/2016,6,12,2016,
12/7/2016,7,12,2016,
12/8/2016,8,12,2016,
12/9/2016,9,12,2016,
12/10/2016,10,12,2016,
12/11/2016,11,12,2016,
12/12/2016,12,12,2016,
12/13/2016,13,12,2016,
12/14/2016,14,12,2016,
12/15/2016,15,12,2016,
12/16/2016,16,12,2016,
12/17/2016,17,12,2016,
12/18/2016,18,12,2016,
12/19/2016,19,12,2016,
12/20/2016,20,12,2016,
12/21/2016,21,12,2016,
12/22/2016,22,12,2016,
12/23/2016,23,12,2016,
12/24/2016,24,12,2016,
12/25/2016,25,12,2016,
12/26/2016,26,12,2016,
12/27/2016,27,12,2016,
12/28/2016,28,12,2016,
12/29/2016,29,12,2016,
12/30/2016,30,12,2016,
12/31/2016,31,12,2016,
1/1/2017,1,1,2017,
1/2/2017,2,1,2017,
1/3/2017,3,1,2017,
1/4/2017,4,1,2017,
1/5/2017,5,1,2017,
1/6/2017,6,1,2017,
1/7/2017,7,1,2017,
1/8/2017,8,1,2017,
1/9/2017,9,1,2017,
1/10/2017,10,1,2017,
1/11/2017,11,1,2017,
1/12/2017,12,1,2017,
1/13/2017,13,1,2017,
1/14/2017,14,1,2017,
1/15/2017,15,1,2017,
1/16/2017,16,1,2017,
1/17/2017,17,1,2017,
1/18/2017,18,1,2017,
1/19/2017,19,1,2017,
1/20/2017,20,1,2017,
1/21/2017,21,1,2017,
1/22/2017,22,1,2017,
1/23/2017,23,1,2017,
1/24/2017,24,1,2017,
1/25/2017,25,1,2017,
1/26/2017,26,1,2017,
1/27/2017,27,1,2017,
1/28/2017,28,1,2017,
1/29/2017,29,1,2017,
1/30/2017,30,1,2017,
1/31/2017,31,1,2017,
2/1/2017,1,2,2017,
2/2/2017,2,2,2017,
2/3/2017,3,2,2017,
2/4/2017,4,2,2017,
2/5/2017,5,2,2017,
2/6/2017,6,2,2017,
2/7/2017,7,2,2017,
2/8/2017,8,2,2017,
2/9/2017,9,2,2017,
2/10/2017,10,2,2017,
2/11/2017,11,2,2017,
2/12/2017,12,2,2017,
2/13/2017,13,2,2017,
2/14/2017,14,2,2017,
2/15/2017,15,2,2017,
2/16/2017,16,2,2017,
2/17/2017,17,2,2017,
2/18/2017,18,2,2017,
2/19/2017,19,2,2017,
2/20/2017,20,2,2017,
2/21/2017,21,2,2017,
2/22/2017,22,2,2017,
2/23/2017,23,2,2017,
2/24/2017,24,2,2017,
2/25/2017,25,2,2017,
2/26/2017,26,2,2017,
2/27/2017,27,2,2017,
2/28/2017,28,2,2017,
3/1/2017,1,3,2017,
3/2/2017,2,3,2017,
3/3/2017,3,3,2017,
3/4/2017,4,3,2017,
3/5/2017,5,3,2017,
3/6/2017,6,3,2017,
3/7/2017,7,3,2017,
3/8/2017,8,3,2017,
3/9/2017,9,3,2017,
3/10/2017,10,3,2017,
3/11/2017,11,3,2017,
3/12/2017,12,3,2017,
3/13/2017,13,3,2017,
3/14/2017,14,3,2017,
3/15/2017,15,3,2017,
3/16/2017,16,3,2017,
3/17/2017,17,3,2017,
3/18/2017,18,3,2017,
3/19/2017,19,3,2017,
3/20/2017,20,3,2017,
3/21/2017,21,3,2017,
3/22/2017,22,3,2017,
3/23/2017,23,3,2017,
3/24/2017,24,3,2017,
3/25/2017,25,3,2017,
3/26/2017,26,3,2017,
3/27/2017,27,3,2017,
3/28/2017,28,3,2017,
3/29/2017,29,3,2017,
3/30/2017,30,3,2017,
3/31/2017,31,3,2017,
4/1/2017,1,4,2017,
4/2/2017,2,4,2017,
4/3/2017,3,4,2017,
4/4/2017,4,4,2017,
4/5/2017,5,4,2017,
4/6/2017,6,4,2017,
4/7/2017,7,4,2017,
4/8/2017,8,4,2017,
4/9/2017,9,4,2017,
4/10/2017,10,4,2017,
4/11/2017,11,4,2017,
4/12/2017,12,4,2017,
4/13/2017,13,4,2017,
4/14/2017,14,4,2017,
4/15/2017,15,4,2017,
4/16/2017,16,4,2017,
4/17/2017,17,4,2017,
4/18/2017,18,4,2017,
4/19/2017,19,4,2017,
4/20/2017,20,4,2017,
4/21/2017,21,4,2017,
4/22/2017,22,4,2017,
4/23/2017,23,4,2017,
4/24/2017,24,4,2017,
4/25/2017,25,4,2017,
4/26/2017,26,4,2017,
4/27/2017,27,4,2017,
4/28/2017,28,4,2017,
4/29/2017,29,4,2017,
4/30/2017,30,4,2017,
5/1/2017,1,5,2017,
5/2/2017,2,5,2017,
5/3/2017,3,5,2017,
5/4/2017,4,5,2017,
5/5/2017,5,5,2017,
5/6/2017,6,5,2017,
5/7/2017,7,5,2017,
5/8/2017,8,5,2017,
5/9/2017,9,5,2017,
5/10/2017,10,5,2017,
5/11/2017,11,5,2017,
5/12/2017,12,5,2017,
5/13/2017,13,5,2017,
5/14/2017,14,5,2017,
5/15/2017,15,5,2017,
5/16/2017,16,5,2017,
5/17/2017,17,5,2017,
5/18/2017,18,5,2017,
5/19/2017,19,5,2017,
5/20/2017,20,5,2017,
5/21/2017,21,5,2017,
5/22/2017,22,5,2017,
5/23/2017,23,5,2017,
5/24/2017,24,5,2017,
5/25/2017,25,5,2017,
5/26/2017,26,5,2017,
5/27/2017,27,5,2017,
5/28/2017,28,5,2017,
5/29/2017,29,5,2017,
5/30/2017,30,5,2017,
5/31/2017,31,5,2017,
6/1/2017,1,6,2017,
6/2/2017,2,6,2017,
6/3/2017,3,6,2017,
6/4/2017,4,6,2017,
6/5/2017,5,6,2017,
6/6/2017,6,6,2017,
6/7/2017,7,6,2017,
6/8/2017,8,6,2017,
6/9/2017,9,6,2017,
6/10/2017,10,6,2017,
6/11/2017,11,6,2017,
6/12/2017,12,6,2017,
6/13/2017,13,6,2017,
6/14/2017,14,6,2017,
6/15/2017,15,6,2017,
6/16/2017,16,6,2017,
6/17/2017,17,6,2017,
6/18/2017,18,6,2017,
6/19/2017,19,6,2017,
6/20/2017,20,6,2017,
6/21/2017,21,6,2017,
6/22/2017,22,6,2017,
6/23/2017,23,6,2017,
6/24/2017,24,6,2017,
6/25/2017,25,6,2017,
6/26/2017,26,6,2017,
6/27/2017,27,6,2017,
6/28/2017,28,6,2017,
6/29/2017,29,6,2017,
6/30/2017,30,6,2017,
7/1/2017,1,7,2017,
7/2/2017,2,7,2017,
7/3/2017,3,7,2017,
7/4/2017,4,7,2017,
7/5/2017,5,7,2017,
7/6/2017,6,7,2017,
7/7/2017,7,7,2017,
7/8/2017,8,7,2017,
7/9/2017,9,7,2017,
7/10/2017,10,7,2017,
7/11/2017,11,7,2017,
7/12/2017,12,7,2017,
7/13/2017,13,7,2017,
7/14/2017,14,7,2017,
7/15/2017,15,7,2017,
7/16/2017,16,7,2017,
7/17/2017,17,7,2017,
7/18/2017,18,7,2017,
7/19/2017,19,7,2017,
7/20/2017,20,7,2017,
7/21/2017,21,7,2017,
7/22/2017,22,7,2017,
7/23/2017,23,7,2017,
7/24/2017,24,7,2017,
7/25/2017,25,7,2017,
7/26/2017,26,7,2017,
7/27/2017,27,7,2017,
7/28/2017,28,7,2017,
7/29/2017,29,7,2017,
7/30/2017,30,7,2017,
7/31/2017,31,7,2017,
8/1/2017,1,8,2017,
8/2/2017,2,8,2017,
8/3/2017,3,8,2017,
8/4/2017,4,8,2017,
8/5/2017,5,8,2017,
8/6/2017,6,8,2017,
8/7/2017,7,8,2017,
8/8/2017,8,8,2017,
8/9/2017,9,8,2017,
8/10/2017,10,8,2017,
8/11/2017,11,8,2017,
8/12/2017,12,8,2017,
8/13/2017,13,8,2017,
8/14/2017,14,8,2017,
8/15/2017,15,8,2017,
8/16/2017,16,8,2017,
8/17/2017,17,8,2017,
8/18/2017,18,8,2017,
8/19/2017,19,8,2017,
8/20/2017,20,8,2017,
8/21/2017,21,8,2017,
8/22/2017,22,8,2017,
8/23/2017,23,8,2017,
8/24/2017,24,8,2017,
8/25/2017,25,8,2017,
8/26/2017,26,8,2017,
8/27/2017,27,8,2017,
8/28/2017,28,8,2017,
8/29/2017,29,8,2017,
8/30/2017,30,8,2017,
8/31/2017,31,8,2017,
9/1/2017,1,9,2017,
9/2/2017,2,9,2017,
9/3/2017,3,9,2017,
9/4/2017,4,9,2017,
9/5/2017,5,9,2017,
9/6/2017,6,9,2017,
9/7/2017,7,9,2017,
9/8/2017,8,9,2017,
9/9/2017,9,9,2017,
9/10/2017,10,9,2017,
9/11/2017,11,9,2017,
9/12/2017,12,9,2017,
9/13/2017,13,9,2017,
9/14/2017,14,9,2017,
9/15/2017,15,9,2017,
9/16/2017,16,9,2017,
9/17/2017,17,9,2017,
9/18/2017,18,9,2017,
9/19/2017,19,9,2017,
9/20/2017,20,9,2017,
9/21/2017,21,9,2017,
9/22/2017,22,9,2017,
9/23/2017,23,9,2017,
9/24/2017,24,9,2017,
9/25/2017,25,9,2017,
9/26/2017,26,9,2017,
9/27/2017,27,9,2017,
9/28/2017,28,9,2017,
9/29/2017,29,9,2017,
9/30/2017,30,9,2017,
10/1/2017,1,10,2017,
10/2/2017,2,10,2017,
10/3/2017,3,10,2017,
10/4/2017,4,10,2017,
10/5/2017,5,10,2017,
10/6/2017,6,10,2017,
10/7/2017,7,10,2017,
10/8/2017,8,10,2017,
10/9/2017,9,10,2017,
10/10/2017,10,10,2017,
10/11/2017,11,10,2017,
10/12/2017,12,10,2017,
10/13/2017,13,10,2017,
10/14/2017,14,10,2017,
10/15/2017,15,10,2017,
10/16/2017,16,10,2017,
10/17/2017,17,10,2017,
10/18/2017,18,10,2017,
10/19/2017,19,10,2017,
10/20/2017,20,10,2017,
10/21/2017,21,10,2017,
10/22/2017,22,10,2017,
10/23/2017,23,10,2017,
10/24/2017,24,10,2017,
10/25/2017,25,10,2017,
10/26/2017,26,10,2017,
10/27/2017,27,10,2017,
10/28/2017,28,10,2017,
10/29/2017,29,10,2017,
10/30/2017,30,10,2017,
10/31/2017,31,10,2017,
11/1/2017,1,11,2017,
11/2/2017,2,11,2017,
11/3/2017,3,11,2017,
11/4/2017,4,11,2017,
11/5/2017,5,11,2017,
11/6/2017,6,11,2017,
11/7/2017,7,11,2017,
11/8/2017,8,11,2017,
11/9/2017,9,11,2017,
11/10/2017,10,11,2017,
11/11/2017,11,11,2017,
11/12/2017,12,11,2017,
11/13/2017,13,11,2017,
11/14/2017,14,11,2017,
11/15/2017,15,11,2017,
11/16/2017,16,11,2017,
11/17/2017,17,11,2017,
11/18/2017,18,11,2017,
11/19/2017,19,11,2017,
11/20/2017,20,11,2017,
11/21/2017,21,11,2017,
11/22/2017,22,11,2017,
11/23/2017,23,11,2017,
11/24/2017,24,11,2017,
11/25/2017,25,11,2017,
11/26/2017,26,11,2017,
11/27/2017,27,11,2017,
11/28/2017,28,11,2017,
11/29/2017,29,11,2017,
11/30/2017,30,11,2017,
12/1/2017,1,12,2017,
12/2/2017,2,12,2017,
12/3/2017,3,12,2017,
12/4/2017,4,12,2017,
12/5/2017,5,12,2017,
12/6/2017,6,12,2017,
12/7/2017,7,12,2017,
12/8/2017,8,12,2017,
12/9/2017,9,12,2017,
12/10/2017,10,12,2017,
12/11/2017,11,12,2017,
12/12/2017,12,12,2017,
12/13/2017,13,12,2017,
12/14/2017,14,12,2017,
12/15/2017,15,12,2017,
12/16/2017,16,12,2017,
12/17/2017,17,12,2017,
12/18/2017,18,12,2017,
12/19/2017,19,12,2017,
12/20/2017,20,12,2017,
12/21/2017,21,12,2017,
12/22/2017,22,12,2017,
12/23/2017,23,12,2017,
12/24/2017,24,12,2017,
12/25/2017,25,12,2017,
12/26/2017,26,12,2017,
12/27/2017,27,12,2017,
12/28/2017,28,12,2017,
12/29/2017,29,12,2017,
12/30/2017,30,12,2017,
12/31/2017,31,12,2017,
1/1/2018,1,1,2018,
1/2/2018,2,1,2018,
1/3/2018,3,1,2018,
1/4/2018,4,1,2018,
1/5/2018,5,1,2018,
1/6/2018,6,1,2018,
1/7/2018,7,1,2018,
1/8/2018,8,1,2018,
1/9/2018,9,1,2018,
1/10/2018,10,1,2018,
1/11/2018,11,1,2018,
1/12/2018,12,1,2018,
1/13/2018,13,1,2018,
1/14/2018,14,1,2018,
1/15/2018,15,1,2018,
1/16/2018,16,1,2018,
1/17/2018,17,1,2018,
1/18/2018,18,1,2018,
1/19/2018,19,1,2018,
1/20/2018,20,1,2018,
1/21/2018,21,1,2018,
1/22/2018,22,1,2018,
1/23/2018,23,1,2018,
1/24/2018,24,1,2018,
1/25/2018,25,1,2018,
1/26/2018,26,1,2018,
1/27/2018,27,1,2018,
1/28/2018,28,1,2018,
1/29/2018,29,1,2018,
1/30/2018,30,1,2018,
1/31/2018,31,1,2018,
2/1/2018,1,2,2018,
2/2/2018,2,2,2018,
2/3/2018,3,2,2018,
2/4/2018,4,2,2018,
2/5/2018,5,2,2018,
2/6/2018,6,2,2018,
2/7/2018,7,2,2018,
2/8/2018,8,2,2018,
2/9/2018,9,2,2018,
2/10/2018,10,2,2018,
2/11/2018,11,2,2018,
2/12/2018,12,2,2018,
2/13/2018,13,2,2018,
2/14/2018,14,2,2018,
2/15/2018,15,2,2018,
2/16/2018,16,2,2018,
2/17/2018,17,2,2018,
2/18/2018,18,2,2018,
2/19/2018,19,2,2018,
2/20/2018,20,2,2018,
2/21/2018,21,2,2018,
2/22/2018,22,2,2018,
2/23/2018,23,2,2018,
2/24/2018,24,2,2018,
2/25/2018,25,2,2018,
2/26/2018,26,2,2018,
2/27/2018,27,2,2018,
2/28/2018,28,2,2018,
3/1/2018,1,3,2018,
3/2/2018,2,3,2018,
3/3/2018,3,3,2018,
3/4/2018,4,3,2018,
3/5/2018,5,3,2018,
3/6/2018,6,3,2018,
3/7/2018,7,3,2018,
3/8/2018,8,3,2018,
3/9/2018,9,3,2018,
3/10/2018,10,3,2018,
3/11/2018,11,3,2018,
3/12/2018,12,3,2018,
3/13/2018,13,3,2018,
3/14/2018,14,3,2018,
3/15/2018,15,3,2018,
3/16/2018,16,3,2018,
3/17/2018,17,3,2018,
3/18/2018,18,3,2018,
3/19/2018,19,3,2018,
3/20/2018,20,3,2018,
3/21/2018,21,3,2018,
3/22/2018,22,3,2018,
3/23/2018,23,3,2018,
3/24/2018,24,3,2018,
3/25/2018,25,3,2018,
3/26/2018,26,3,2018,
3/27/2018,27,3,2018,
3/28/2018,28,3,2018,
3/29/2018,29,3,2018,
3/30/2018,30,3,2018,
3/31/2018,31,3,2018,
4/1/2018,1,4,2018,
4/2/2018,2,4,2018,
4/3/2018,3,4,2018,
4/4/2018,4,4,2018,
4/5/2018,5,4,2018,
4/6/2018,6,4,2018,
4/7/2018,7,4,2018,
4/8/2018,8,4,2018,
4/9/2018,9,4,2018,
4/10/2018,10,4,2018,
4/11/2018,11,4,2018,
4/12/2018,12,4,2018,
4/13/2018,13,4,2018,
4/14/2018,14,4,2018,
4/15/2018,15,4,2018,
4/16/2018,16,4,2018,
4/17/2018,17,4,2018,
4/18/2018,18,4,2018,
4/19/2018,19,4,2018,
4/20/2018,20,4,2018,
4/21/2018,21,4,2018,
4/22/2018,22,4,2018,
4/23/2018,23,4,2018,
4/24/2018,24,4,2018,
4/25/2018,25,4,2018,
4/26/2018,26,4,2018,
4/27/2018,27,4,2018,
4/28/2018,28,4,2018,
4/29/2018,29,4,2018,
4/30/2018,30,4,2018,
5/1/2018,1,5,2018,
5/2/2018,2,5,2018,
5/3/2018,3,5,2018,
5/4/2018,4,5,2018,
5/5/2018,5,5,2018,
5/6/2018,6,5,2018,
5/7/2018,7,5,2018,
5/8/2018,8,5,2018,
5/9/2018,9,5,2018,
5/10/2018,10,5,2018,
5/11/2018,11,5,2018,
5/12/2018,12,5,2018,
5/13/2018,13,5,2018,
5/14/2018,14,5,2018,
5/15/2018,15,5,2018,
5/16/2018,16,5,2018,
5/17/2018,17,5,2018,
5/18/2018,18,5,2018,
5/19/2018,19,5,2018,
5/20/2018,20,5,2018,
5/21/2018,21,5,2018,
5/22/2018,22,5,2018,
5/23/2018,23,5,2018,
5/24/2018,24,5,2018,
5/25/2018,25,5,2018,
5/26/2018,26,5,2018,
5/27/2018,27,5,2018,
5/28/2018,28,5,2018,
5/29/2018,29,5,2018,
5/30/2018,30,5,2018,
5/31/2018,31,5,2018,
6/1/2018,1,6,2018,
6/2/2018,2,6,2018,
6/3/2018,3,6,2018,
6/4/2018,4,6,2018,
6/5/2018,5,6,2018,
6/6/2018,6,6,2018,
6/7/2018,7,6,2018,
6/8/2018,8,6,2018,
6/9/2018,9,6,2018,
6/10/2018,10,6,2018,
6/11/2018,11,6,2018,
6/12/2018,12,6,2018,
6/13/2018,13,6,2018,
6/14/2018,14,6,2018,
6/15/2018,15,6,2018,
6/16/2018,16,6,2018,
6/17/2018,17,6,2018,
6/18/2018,18,6,2018,
6/19/2018,19,6,2018,
6/20/2018,20,6,2018,
6/21/2018,21,6,2018,
6/22/2018,22,6,2018,
6/23/2018,23,6,2018,
6/24/2018,24,6,2018,
6/25/2018,25,6,2018,
6/26/2018,26,6,2018,
6/27/2018,27,6,2018,
6/28/2018,28,6,2018,
6/29/2018,29,6,2018,
6/30/2018,30,6,2018,
7/1/2018,1,7,2018,
7/2/2018,2,7,2018,
7/3/2018,3,7,2018,
7/4/2018,4,7,2018,
7/5/2018,5,7,2018,
7/6/2018,6,7,2018,
7/7/2018,7,7,2018,
7/8/2018,8,7,2018,
7/9/2018,9,7,2018,
7/10/2018,10,7,2018,
7/11/2018,11,7,2018,
7/12/2018,12,7,2018,
7/13/2018,13,7,2018,
7/14/2018,14,7,2018,
7/15/2018,15,7,2018,
7/16/2018,16,7,2018,
7/17/2018,17,7,2018,
7/18/2018,18,7,2018,
7/19/2018,19,7,2018,
7/20/2018,20,7,2018,
7/21/2018,21,7,2018,
7/22/2018,22,7,2018,
7/23/2018,23,7,2018,
7/24/2018,24,7,2018,
7/25/2018,25,7,2018,
7/26/2018,26,7,2018,
7/27/2018,27,7,2018,
7/28/2018,28,7,2018,
7/29/2018,29,7,2018,
7/30/2018,30,7,2018,
7/31/2018,31,7,2018,
8/1/2018,1,8,2018,
8/2/2018,2,8,2018,
8/3/2018,3,8,2018,
8/4/2018,4,8,2018,
8/5/2018,5,8,2018,
8/6/2018,6,8,2018,
8/7/2018,7,8,2018,
8/8/2018,8,8,2018,
8/9/2018,9,8,2018,
8/10/2018,10,8,2018,
8/11/2018,11,8,2018,
8/12/2018,12,8,2018,
8/13/2018,13,8,2018,
8/14/2018,14,8,2018,
8/15/2018,15,8,2018,
8/16/2018,16,8,2018,
8/17/2018,17,8,2018,
8/18/2018,18,8,2018,
8/19/2018,19,8,2018,
8/20/2018,20,8,2018,
8/21/2018,21,8,2018,
8/22/2018,22,8,2018,
8/23/2018,23,8,2018,
8/24/2018,24,8,2018,
8/25/2018,25,8,2018,
8/26/2018,26,8,2018,
8/27/2018,27,8,2018,
8/28/2018,28,8,2018,
8/29/2018,29,8,2018,
8/30/2018,30,8,2018,
8/31/2018,31,8,2018,
9/1/2018,1,9,2018,
9/2/2018,2,9,2018,
9/3/2018,3,9,2018,
9/4/2018,4,9,2018,
9/5/2018,5,9,2018,
9/6/2018,6,9,2018,
9/7/2018,7,9,2018,
9/8/2018,8,9,2018,
9/9/2018,9,9,2018,
9/10/2018,10,9,2018,
9/11/2018,11,9,2018,
9/12/2018,12,9,2018,
9/13/2018,13,9,2018,
9/14/2018,14,9,2018,
9/15/2018,15,9,2018,
9/16/2018,16,9,2018,
9/17/2018,17,9,2018,
9/18/2018,18,9,2018,
9/19/2018,19,9,2018,
9/20/2018,20,9,2018,
9/21/2018,21,9,2018,
9/22/2018,22,9,2018,
9/23/2018,23,9,2018,
9/24/2018,24,9,2018,
9/25/2018,25,9,2018,
9/26/2018,26,9,2018,
9/27/2018,27,9,2018,
9/28/2018,28,9,2018,
9/29/2018,29,9,2018,
9/30/2018,30,9,2018,
10/1/2018,1,10,2018,
